Date,Open,High,Low,Close,Adj Close,Volume
2015-06-10,119800,119800,113600,113600,110582.875,447735
2015-06-11,115000,117800,113200,113200,110193.5,1153350
2015-06-12,114800,120600,114600,120200,117007.5938,1236155
2015-06-15,121400,125600,121400,125400,122069.4766,1653685
2015-06-16,125600,126800,123200,125400,122069.4766,785550
2015-06-17,124200,127400,124000,126000,122653.5469,557845
2015-06-18,127600,127800,124400,124800,121485.4141,366810
2015-06-19,125000,127000,123000,126800,123432.2891,348910
2015-06-22,127600,128400,125000,126200,122848.2344,212155
2015-06-23,127000,128000,125800,128000,124600.4219,231035
2015-06-24,131400,131600,128800,129800,126352.625,471700
2015-06-25,130400,131200,128200,130600,127131.3828,509600
2015-06-26,131200,134200,130000,131600,128104.8125,673600
2015-06-29,130000,131200,128200,130200,126742,332635
2015-06-30,128800,129800,125400,126800,123432.2891,589955
2015-07-01,125600,126200,120600,125600,122264.1641,1159735
2015-07-02,125800,125800,122600,123000,119733.2188,683695
2015-07-03,124200,124800,121600,122600,119343.8438,417175
2015-07-06,121000,124200,121000,123200,119927.9063,361965
2015-07-07,125400,125400,122000,122600,119343.8438,408320
2015-07-08,123000,127600,121800,123800,120511.9688,675400
2015-07-09,122400,123000,118800,122000,118759.7734,473890
2015-07-10,123600,123600,120600,122400,119149.1563,282605
2015-07-13,122400,124200,121800,122800,119538.5313,202265
2015-07-14,123200,123800,122000,122800,119538.5313,217055
2015-07-15,122800,123000,121000,121000,117786.3438,287730
2015-07-16,121000,124800,121000,121400,118175.7188,505030
2015-07-17,123600,127600,122400,126400,123042.9219,1037680
2015-07-20,129400,131400,126800,127600,124211.0469,613040
2015-07-21,129800,130400,128200,129800,126352.625,322160
2015-07-22,128600,128800,125800,127000,123626.9922,445375
2015-07-23,126800,127000,123400,124400,121096.0391,370860
2015-07-24,124000,125400,122600,125000,121680.1016,386325
2015-07-27,125000,125000,121200,122200,118954.4766,365450
2015-07-28,121800,122600,120200,122000,118759.7734,420610
2015-07-29,121000,122000,120000,120400,117202.2734,542940
2015-07-30,114400,114400,102000,103600,100848.4609,3718640
2015-07-31,101600,104800,101000,104600,101821.9141,1377630
2015-08-03,104000,105000,103400,104000,101237.8438,625390
2015-08-04,104000,105400,103600,105200,102405.9766,538645
2015-08-05,106200,106200,103600,105000,102211.2891,575545
2015-08-06,105200,105400,103000,103200,100459.0938,840720
2015-08-07,103000,103800,100000,100200,97538.77344,1272735
2015-08-10,101400,103000,100600,102200,99485.65625,610825
2015-08-11,104200,106000,103200,104600,101821.9141,593535
2015-08-12,104400,106800,103400,105600,102795.3516,766330
2015-08-13,103200,105000,102400,103800,101043.1641,585205
2015-08-14,103800,103800,103800,103800,101043.1641,0
2015-08-17,102600,104000,102000,102000,99290.96094,381550
2015-08-18,102400,105000,102200,104400,101627.2188,470980
2015-08-19,103200,105400,103200,104800,102016.5938,640610
2015-08-20,107000,107600,103800,104200,101432.5391,501140
2015-08-21,105000,105200,101400,103200,100459.0938,487880
2015-08-24,101200,103000,99100,100000,97344.07813,620215
2015-08-25,99400,100400,96400,98300,95689.23438,958830
2015-08-26,98000,100600,96800,97800,95202.51563,1049370
2015-08-27,99100,100400,97300,97500,94910.47656,734575
2015-08-28,98300,99300,96100,97600,95007.82813,957350
2015-08-31,97500,99100,94200,99100,96467.97656,896950
2015-09-01,99100,100200,95000,95200,92671.57031,688555
2015-09-02,94100,94700,92400,93200,90724.67969,803095
2015-09-03,93200,96000,93200,94100,91600.78125,794535
2015-09-04,94100,96300,93300,93900,91406.09375,495045
2015-09-07,94600,95200,93200,94900,92379.53125,432215
2015-09-08,95100,95600,91600,92300,89848.58594,486730
2015-09-09,93400,100400,93400,100200,97538.77344,836235
2015-09-10,98000,100400,98000,100000,97344.07813,758425
2015-09-11,98600,99100,97100,97700,95105.17188,488830
2015-09-14,98000,98100,93600,95200,92671.57031,741250
2015-09-15,95000,95900,93600,94100,91600.78125,616850
2015-09-16,94400,96300,93700,96300,93742.34375,653565
2015-09-17,96800,103000,96700,102000,99290.96094,1131080
2015-09-18,103000,103600,99700,101800,99096.27344,497360
2015-09-21,101800,101800,99900,100000,97344.07813,248630
2015-09-22,101000,101600,98900,99200,96565.32813,394635
2015-09-23,98300,103600,97700,101000,98317.52344,991005
2015-09-24,102400,103200,100600,101200,98512.20313,565765
2015-09-25,101400,102400,99900,101600,98901.58594,221535
2015-09-30,103000,103000,100000,102600,99875.03125,652740
2015-10-01,103600,109200,102600,109200,106299.7422,1004490
2015-10-02,110000,110200,107000,110000,107078.4844,702940
2015-10-05,109800,112600,107400,108600,105715.6797,535860
2015-10-06,109000,111600,108400,111200,108246.6172,592725
2015-10-07,112200,112200,110000,111600,108635.9922,553755
2015-10-08,113400,113800,109400,112200,109220.0625,480720
2015-10-12,115200,116600,110000,114800,111751.0078,830990
2015-10-13,115600,115800,113600,115800,112724.4453,393985
2015-10-14,115400,115400,112200,112400,109414.75,398715
2015-10-15,112400,114600,112000,113800,110777.5625,329630
2015-10-16,114800,117400,114200,117400,114281.9531,482525
2015-10-19,117600,117600,114400,116800,113697.8906,436065
2015-10-20,115600,117000,114600,115600,112529.7578,382375
2015-10-21,116000,116000,114400,115000,111945.6953,408060
2015-10-22,113800,114400,109400,109400,106494.4297,621860
2015-10-23,110400,114800,110200,114200,111166.9453,604125
2015-10-26,114800,116800,109600,112400,109414.75,744500
2015-10-27,109400,112800,109400,112800,109804.1172,337275
2015-10-28,112200,115400,108400,115400,112335.0703,588410
2015-10-29,120000,123400,117600,118400,115255.3906,1183235
2015-10-30,118400,121400,115200,120000,116812.8906,955270
2015-11-02,120000,121400,119400,120600,117396.9688,518225
2015-11-03,121400,123800,120000,123800,120511.9688,584405
2015-11-04,125000,125600,123200,125200,121874.7969,653585
2015-11-05,124600,127000,123800,125800,122458.8594,371710
2015-11-06,124200,126200,124000,126000,122653.5469,238665
2015-11-09,126600,127200,124800,126800,123432.2891,346330
2015-11-10,126800,126800,121400,123600,120317.2813,559765
2015-11-11,124000,126000,122600,125000,121680.1016,362225
2015-11-12,124400,125600,123400,124000,120706.6641,256115
2015-11-13,122200,123200,119800,121200,117981.0234,397265
2015-11-16,118000,120400,117800,118400,115255.3906,551680
2015-11-17,119200,121600,119200,119800,116618.2188,362285
2015-11-18,119800,120800,118800,120000,116812.8906,200715
2015-11-19,120200,121800,118800,121800,118565.0938,293440
2015-11-20,123200,125800,122000,125400,122069.4766,362535
2015-11-23,125400,125800,123200,124800,121485.4141,288280
2015-11-24,125000,126600,123800,124200,120901.3516,310395
2015-11-25,124000,126600,123200,126000,122653.5469,301640
2015-11-26,126000,127000,124600,126600,123237.6094,275100
2015-11-27,125400,129400,125400,126400,123042.9219,319010
2015-11-30,126600,127200,124000,126200,122848.2344,685610
2015-12-01,127000,129800,126400,129400,125963.25,303350
2015-12-02,128800,130200,127200,127800,124405.7422,372870
2015-12-03,129600,129800,125400,126600,123237.6094,231955
2015-12-04,125600,126000,122600,125000,121680.1016,391040
2015-12-07,125400,126800,121600,121600,118370.4063,541765
2015-12-08,121800,124200,121800,122600,119343.8438,370255
2015-12-09,122000,124000,122000,122400,119149.1563,393300
2015-12-10,121200,124600,120800,123600,120317.2813,415635
2015-12-11,122600,128000,122600,128000,124600.4219,387800
2015-12-14,126800,128000,125600,126600,123237.6094,362325
2015-12-15,129200,129600,127000,128600,125184.4922,337025
2015-12-16,129800,130400,129000,129200,125768.5469,385485
2015-12-17,130800,131800,129200,130600,127131.3828,352730
2015-12-18,129800,130600,127200,128000,124600.4219,247935
2015-12-21,129000,130400,128400,129600,126157.9297,263945
2015-12-22,129200,130800,127400,130600,127131.3828,230755
2015-12-23,130600,130800,129000,130600,127131.3828,205850
2015-12-24,129800,130800,129200,129400,125963.25,164080
2015-12-28,129400,130000,127600,128200,124795.1172,237555
2015-12-29,129800,129800,126200,128400,126071.5313,253240
2015-12-30,128400,133600,127800,131600,129213.5078,321075
2016-01-04,130000,131600,126400,126400,124107.8047,466360
2016-01-05,126600,128400,126200,127400,125089.6719,347280
2016-01-06,129000,129000,124400,124600,122340.4453,478410
2016-01-07,125200,132000,125200,130400,128035.2656,626265
2016-01-08,130400,131800,128400,130400,128035.2656,319610
2016-01-11,129000,130200,125200,125600,123322.3125,443100
2016-01-12,127200,130800,126400,130000,127642.5156,390050
2016-01-13,131200,131400,128600,129800,127446.1563,461100
2016-01-14,128400,131800,128000,130200,127838.8984,429120
2016-01-15,132400,134600,131600,134000,131570,642075
2016-01-18,132600,137400,132600,137400,134908.3281,703005
2016-01-19,136600,136800,132800,134000,131570,722930
2016-01-20,134000,134600,130200,132800,130391.7344,476755
2016-01-21,131200,131400,126200,127800,125482.4219,675930
2016-01-22,130000,133600,128000,133600,131177.2344,456000
2016-01-25,133600,135400,131400,134600,132159.1094,306275
2016-01-26,135000,136200,134200,136000,133533.7031,280390
2016-01-27,137400,137400,133200,134800,132355.4844,332355
2016-01-28,128400,130000,124200,126200,123911.4375,1387830
2016-01-29,125400,126200,121000,125600,123322.3125,1347000
2016-02-01,124400,125800,121600,122600,120376.7188,722640
2016-02-02,122200,123600,118400,120000,117823.8594,1117265
2016-02-03,118600,121200,118600,120200,118020.2422,473700
2016-02-04,121200,121400,118800,120400,118216.6094,435350
2016-02-05,120000,121000,119200,119800,117627.5,276565
2016-02-11,117800,117800,112600,112600,110558.0625,921705
2016-02-12,111000,113200,108800,111200,109183.4453,990410
2016-02-15,112200,113400,109600,111200,109183.4453,732590
2016-02-16,110600,116000,110600,115000,112914.5391,619715
2016-02-17,115600,117400,114800,115000,112914.5391,792315
2016-02-18,115600,117600,115200,116400,114289.1484,416140
2016-02-19,115800,116400,113600,114600,112521.7891,383640
2016-02-22,115000,116200,113000,113000,110950.8125,431360
2016-02-23,113800,117400,113600,116800,114681.8984,559285
2016-02-24,116600,116800,114400,116000,113896.4063,356105
2016-02-25,116200,117800,115600,116400,114289.1484,285475
2016-02-26,116200,117200,115000,116000,113896.4063,229860
2016-02-29,116000,117000,114000,114400,112325.4219,393545
2016-03-02,116800,122400,116200,121800,119591.2266,595495
2016-03-03,123000,123000,120400,122000,119787.5938,374365
2016-03-04,123000,124200,120800,122600,120376.7188,330580
2016-03-07,123000,123800,119800,119800,117627.5,379425
2016-03-08,117600,122400,117600,120800,118609.3516,249625
2016-03-09,120200,122000,120000,121600,119394.8516,188300
2016-03-10,121600,128800,120400,127000,124696.9297,684255
2016-03-11,127600,129800,126200,127200,124893.2891,540570
2016-03-14,128200,128400,125000,127000,124696.9297,264125
2016-03-15,127000,129600,126400,128200,125875.1641,258320
2016-03-16,128800,129400,127000,128000,125678.7891,209965
2016-03-17,129800,129800,126000,127200,124893.2891,397580
2016-03-18,126600,128400,126000,127800,125482.4219,297590
2016-03-21,126800,129600,126600,128400,126071.5313,318805
2016-03-22,128200,130800,127800,129800,127446.1563,496300
2016-03-23,130000,130400,125400,126800,124500.5469,470045
2016-03-24,127600,128400,124200,124800,122536.8203,365355
2016-03-25,124800,125800,122200,122600,120376.7188,521765
2016-03-28,123200,125600,123000,123400,121162.2109,273830
2016-03-29,123400,128000,123200,128000,125678.7891,355250
2016-03-30,129800,129800,126400,127400,125089.6719,445900
2016-03-31,129000,129200,126600,127400,125089.6719,538915
2016-04-01,129000,129000,124800,125600,123322.3125,312780
2016-04-04,126400,130200,126400,130200,127838.8984,541695
2016-04-05,130000,130600,129600,130400,128035.2656,461325
2016-04-06,129000,130200,128400,129800,127446.1563,423140
2016-04-07,130200,135400,129800,135000,132551.8438,706960
2016-04-08,133400,134000,132000,132600,130195.375,363465
2016-04-11,132600,134000,131200,132800,130391.7344,296800
2016-04-12,133200,134400,132000,134000,131570,278290
2016-04-14,138000,138200,133600,134600,132159.1094,445245
2016-04-15,134400,135400,133600,134600,132159.1094,401140
2016-04-18,133600,134400,131400,132200,129802.6328,374705
2016-04-19,132200,134400,132200,133800,131373.625,451405
2016-04-20,133200,133600,130200,130800,128428.0156,463915
2016-04-21,132000,133400,131200,133400,130980.8672,412070
2016-04-22,132000,133000,131400,132600,130195.375,194870
2016-04-25,132400,133000,131000,132400,129999,355620
2016-04-26,132600,134400,129800,130800,128428.0156,789600
2016-04-27,129600,133000,128000,133000,130588.125,403340
2016-04-28,138200,138200,129200,131800,129409.875,1141055
2016-04-29,133600,136200,133200,135400,132944.6094,908665
2016-05-02,135800,136000,133400,135600,133140.9844,288895
2016-05-03,136400,136400,135000,135200,132748.2188,343900
2016-05-04,135800,136600,134000,136000,133533.7031,697250
2016-05-09,139800,141000,137400,140000,137461.1719,925425
2016-05-10,141600,142800,139000,141400,138835.7813,532275
2016-05-11,140000,140400,138000,138600,136086.5625,441680
2016-05-12,139000,139400,135200,135200,132748.2188,338430
2016-05-13,135000,137400,133600,135400,132944.6094,462865
2016-05-16,134200,139000,134200,138400,135890.1875,322650
2016-05-17,138200,138800,137200,138800,136282.9531,341630
2016-05-18,138800,139600,136400,139600,137068.4375,875390
2016-05-19,137400,140200,137400,140200,137657.5469,251090
2016-05-20,141600,142000,136400,137600,135104.7031,382600
2016-05-23,138000,138000,134600,138000,135497.4531,288895
2016-05-24,138000,140600,137200,138800,136282.9531,276200
2016-05-25,140200,141800,139000,140800,138246.6719,463225
2016-05-26,140800,141800,139800,140600,138050.2969,226115
2016-05-27,141000,141200,139000,140000,137461.1719,225070
2016-05-30,141000,142400,140400,142000,139424.9063,414260
2016-05-31,142000,144000,141200,144000,141388.6406,579335
2016-06-01,140000,140200,133200,137400,134908.3281,1681135
2016-06-02,138800,142600,138200,139400,136872.0625,509065
2016-06-03,140400,141600,139000,141400,138835.7813,438765
2016-06-07,145600,145800,141000,141400,138835.7813,498305
2016-06-08,141800,145000,141600,144400,141781.3906,556190
2016-06-09,146200,146600,142400,144000,141388.6406,672840
2016-06-10,146200,146600,143400,144000,141388.6406,475005
2016-06-13,142800,142800,137200,139400,136872.0625,800590
2016-06-14,137800,140400,135800,139400,136872.0625,654895
2016-06-15,140800,141800,138400,139400,136872.0625,352325
2016-06-16,138200,140200,138200,140200,137657.5469,299220
2016-06-17,140200,140400,137600,137800,135301.0625,367800
2016-06-20,139400,139400,136800,138400,135890.1875,307550
2016-06-21,138800,139600,137600,139400,136872.0625,307700
2016-06-22,139800,146000,139800,146000,143352.375,1005435
2016-06-23,146600,152000,146400,149400,146690.7031,1130610
2016-06-24,149000,151800,144200,147800,145119.7188,867905
2016-06-27,145600,146000,141200,142000,139424.9063,1174480
2016-06-28,140200,143800,140000,143800,141192.2656,770085
2016-06-29,143000,144800,142600,142600,140014.0313,741970
2016-06-30,142000,143400,141400,142000,139424.9063,767665
2016-07-01,142600,144600,142600,142600,140014.0313,382845
2016-07-04,143200,145800,142400,145400,142763.2344,589185
2016-07-05,146000,151200,146000,150000,147279.8438,635330
2016-07-06,150000,150000,146000,149000,146297.9688,612230
2016-07-07,150400,154000,149600,150600,147868.9531,342580
2016-07-08,150200,151200,149600,150000,147279.8438,368765
2016-07-11,149000,151600,148600,150800,148065.3281,541025
2016-07-12,151800,153600,149600,151000,148261.6875,635055
2016-07-13,152000,153600,149600,151600,148850.8281,775750
2016-07-14,150200,150800,146800,146800,144137.8594,827050
2016-07-15,150000,150600,141200,143200,140603.1406,1530420
2016-07-18,143400,143600,141200,142400,139817.6563,754640
2016-07-19,143600,144200,141400,143600,140995.8906,553990
2016-07-20,143000,143400,138200,139000,136479.3125,1009250
2016-07-21,139600,141200,139400,140800,138246.6719,541555
2016-07-22,141200,142400,140800,141000,138443.0469,451650
2016-07-25,141600,142800,141600,142000,139424.9063,257085
2016-07-26,142200,142800,140400,142000,139424.9063,289335
2016-07-27,142000,143600,142000,142400,139817.6563,293035
2016-07-28,143400,143800,141400,142000,139424.9063,491070
2016-07-29,142000,143400,141600,142000,139424.9063,531755
2016-08-01,142200,142600,135600,140200,137657.5469,729430
2016-08-02,140200,143000,139800,142600,140014.0313,244690
2016-08-03,142000,142600,140400,141000,138443.0469,248405
2016-08-04,142600,142800,140200,141400,138835.7813,256240
2016-08-05,142200,145000,141000,144600,141977.75,275795
2016-08-08,145600,149800,145400,149800,147083.4688,584725
2016-08-09,150800,151400,150000,151000,148261.6875,844050
2016-08-10,153000,155200,151800,155000,152189.1563,802060
2016-08-11,155800,155800,153800,155600,152778.2969,381135
2016-08-12,155400,156800,155400,156400,153563.7813,255920
2016-08-16,156800,159600,156600,158000,155134.75,564675
2016-08-17,155000,158400,155000,158000,155134.75,349255
2016-08-18,158400,160200,158000,160200,157294.8594,462475
2016-08-19,161400,162200,159600,161000,158080.3594,686920
2016-08-22,160000,160600,158600,159000,156116.625,400025
2016-08-23,160200,161600,159000,161200,158276.7344,347175
2016-08-24,161400,162800,160000,162400,159454.9688,359520
2016-08-25,162400,162400,160400,160800,157883.9844,484760
2016-08-26,159200,161800,159200,161000,158080.3594,375040
2016-08-29,161200,163800,160000,162000,159062.2188,420195
2016-08-30,162200,164200,161000,164200,161222.3281,353120
2016-08-31,168600,170000,165400,169000,165935.2813,791335
2016-09-01,169000,169400,163800,165800,162793.3125,451520
2016-09-02,166600,167000,164400,166200,163186.0469,327965
2016-09-05,168400,171000,168400,170000,166917.1563,259000
2016-09-06,171600,175000,166600,168600,165542.5313,604535
2016-09-07,168600,174800,167600,174400,171237.3438,436095
2016-09-08,173800,174400,170200,173800,170648.2344,391965
2016-09-09,170400,172000,168200,169400,166328.0156,416675
2016-09-12,167000,168600,166200,168000,164953.4063,347560
2016-09-13,170000,170200,166600,168200,165149.7969,348345
2016-09-19,170600,174000,169000,171200,168095.375,586770
2016-09-20,171600,173400,167000,167200,164167.9063,547270
2016-09-21,167200,172800,167200,171000,167899,543780
2016-09-22,173400,174800,171000,174600,171433.7188,561990
2016-09-23,176400,176400,172200,175600,172415.5938,370470
2016-09-26,175800,176800,173800,175200,172022.8438,210255
2016-09-27,175200,178000,173200,176800,173593.8281,403515
2016-09-28,177200,179000,176800,177400,174182.9531,273915
2016-09-29,178000,180600,177400,180000,176735.7969,385935
2016-09-30,177200,177600,171800,176600,173397.4531,862565
2016-10-04,176600,176800,170000,171600,168488.1406,546000
2016-10-05,170600,175000,170200,173400,170255.4844,332615
2016-10-06,173800,174800,170400,172200,169077.25,274215
2016-10-07,172000,172200,166800,168600,165542.5313,379640
2016-10-10,170600,176000,169600,174400,171237.3438,346245
2016-10-11,177600,178800,170600,172400,169273.625,350610
2016-10-12,174000,176000,172400,172800,169666.3594,320420
2016-10-13,171800,172600,165400,165400,162400.5469,480495
2016-10-14,166200,169800,166200,168800,165738.8906,281195
2016-10-17,168400,171400,166600,170200,167113.5156,388605
2016-10-18,170800,171600,167600,169200,166131.6563,405305
2016-10-19,168200,169000,164600,165800,162793.3125,428005
2016-10-20,166000,169000,165200,168800,165738.8906,580895
2016-10-21,167600,168000,165800,166200,163186.0469,302760
2016-10-24,165200,167200,165200,166600,163578.8125,676375
2016-10-25,165000,168600,165000,167400,164364.2969,433705
2016-10-26,165400,170400,165400,169600,166524.3906,355425
2016-10-27,172600,176600,170600,171800,168684.5,891990
2016-10-28,174200,175200,171000,172000,168880.875,402110
2016-10-31,171600,173200,169400,171400,168291.75,331060
2016-11-01,172000,172000,166400,169400,166328.0156,1123265
2016-11-02,169800,170000,164600,165200,162204.1875,426830
2016-11-03,165200,165200,162400,162400,159454.9688,341725
2016-11-04,161600,162000,157000,157800,154938.375,512375
2016-11-07,159600,165800,159000,164000,161025.9531,499495
2016-11-08,165800,167600,162200,163000,160044.0781,314520
2016-11-09,165200,165400,156800,161000,158080.3594,621875
2016-11-10,163200,163800,160200,161200,158276.7344,412645
2016-11-11,156200,158000,151400,152000,149243.5625,1071655
2016-11-14,152000,155800,149200,149200,146494.3438,697325
2016-11-15,149200,152400,147800,148800,146101.5781,665320
2016-11-16,150200,151800,148200,150200,147476.2031,774980
2016-11-17,149600,151000,148600,149000,146297.9688,496945
2016-11-18,152000,154600,150000,154200,151403.6563,722370
2016-11-21,154200,159800,151800,157200,154349.2813,736210
2016-11-22,157600,162600,157400,162000,159062.2188,526770
2016-11-23,159000,161800,158400,159000,156116.625,377550
2016-11-24,157800,161000,156600,160400,157491.2344,351705
2016-11-25,162000,163400,160400,161000,158080.3594,623920
2016-11-28,160400,163000,158400,161600,158669.4688,380760
2016-11-29,160400,163000,160200,160200,157294.8594,283105
2016-11-30,160400,162000,157200,159600,156705.7344,842935
2016-12-01,158000,159600,152800,152800,150029.0469,519310
2016-12-02,155400,155400,150800,151000,148261.6875,399800
2016-12-05,149800,153800,148800,152800,150029.0469,410670
2016-12-06,154800,155600,150000,151200,148458.0625,492710
2016-12-07,151400,152400,149800,150000,147279.8438,264505
2016-12-08,151200,160800,151200,160800,157883.9844,674935
2016-12-09,160800,162800,159200,160000,157098.4844,411510
2016-12-12,160800,161600,157600,158400,155527.5,302605
2016-12-13,158800,159000,156400,157200,154349.2813,303985
2016-12-14,158600,159200,156200,157000,154152.8906,263835
2016-12-15,157000,158800,156800,157200,154349.2813,419820
2016-12-16,159400,161200,157800,161200,158276.7344,501105
2016-12-19,160200,161200,159200,160000,157098.4844,238945
2016-12-20,160000,160400,157000,157400,154545.6406,328070
2016-12-21,159000,159400,155800,155800,152974.6563,220970
2016-12-22,155800,157200,153400,154600,151796.4063,393385
2016-12-23,154200,155400,152400,153600,150814.5469,266875
2016-12-26,153200,154600,153000,153000,150225.4219,103325
2016-12-27,153200,154600,152600,154400,151600.0313,159810
2016-12-28,157000,157000,152600,152600,150938.3281,288685
2016-12-29,151600,155400,150800,155000,153312.1875,281620
2017-01-02,155600,157400,155000,155400,153707.8281,153885
2017-01-03,155400,155400,153400,153400,151729.6094,258830
2017-01-04,155000,162000,154200,162000,160235.9688,601795
2017-01-05,162000,162000,158200,158200,156477.3438,343620
2017-01-06,158200,160200,157200,159800,158059.9219,251345
2017-01-09,158200,159800,155400,155800,154103.4688,383440
2017-01-10,157400,158600,155800,158400,156675.1719,236860
2017-01-11,157200,160400,157200,159200,157466.4531,243710
2017-01-12,159800,163000,159200,160400,158653.3906,281945
2017-01-13,160400,161000,157400,158000,156279.5313,341155
2017-01-16,158400,160200,154800,158800,157070.8125,275210
2017-01-17,157400,159400,156400,159000,157268.625,254710
2017-01-18,160000,160000,157400,157600,155883.875,275880
2017-01-19,157400,161200,157400,160200,158455.5625,339055
2017-01-20,159400,159600,157000,157000,155290.4063,367175
2017-01-23,155600,155800,152600,154200,152520.8906,453340
2017-01-24,154200,154200,152000,152200,150542.6719,534400
2017-01-25,152600,153600,152000,152600,150938.3281,595025
2017-01-26,150200,152600,147200,150600,148960.0938,1372095
2017-01-31,150000,153400,148600,151600,149949.2188,638050
2017-02-01,152200,154800,152000,154200,152520.8906,462705
2017-02-02,155200,156000,154000,154400,152718.7344,605250
2017-02-03,154000,155200,153400,154800,153114.375,712070
2017-02-06,156200,156200,154400,155800,154103.4688,635145
2017-02-07,155600,160400,155000,160000,158257.75,675555
2017-02-08,159800,159800,158200,159000,157268.625,388215
2017-02-09,157600,159200,156600,157400,155686.0469,510115
2017-02-10,159000,159000,157400,159000,157268.625,337445
2017-02-13,160000,160600,157600,159000,157268.625,296900
2017-02-14,157000,158000,153200,154000,152323.0781,599535
2017-02-15,153800,155400,153600,154600,152916.5469,332175
2017-02-16,154000,155400,153800,155400,153707.8281,369105
2017-02-17,154600,157000,154400,156000,154301.2969,521705
2017-02-20,154600,156800,154400,156200,154499.125,375210
2017-02-21,155600,158600,155200,158000,156279.5313,577870
2017-02-22,157600,160000,157200,159400,157664.2656,536860
2017-02-23,161000,163000,160800,161600,159840.3281,484775
2017-02-24,160600,161400,158600,160600,158851.2031,385865
2017-02-27,160000,161400,158400,159200,157466.4531,169475
2017-02-28,158800,160000,155200,155200,153510.0156,486990
2017-03-02,159800,163800,158000,163000,161225.0625,754810
2017-03-03,163200,167800,158800,161800,160038.1406,491510
2017-03-06,162000,163400,159000,160000,158257.75,289975
2017-03-07,160000,161200,158800,159800,158059.9219,241580
2017-03-08,159600,161400,158200,160000,158257.75,281890
2017-03-09,160200,161200,157800,157800,156081.6875,378925
2017-03-10,157800,160400,156600,160000,158257.75,244535
2017-03-13,160000,166600,159800,165200,163401.125,417320
2017-03-14,165400,166600,162200,163000,161225.0625,472435
2017-03-15,163400,165200,162000,164000,162214.1875,203935
2017-03-16,166800,167000,163400,163800,162016.3594,266575
2017-03-17,165000,166600,163800,165400,163598.9375,295345
2017-03-20,166000,166000,162000,163600,161818.5469,296465
2017-03-21,165600,174400,165000,174200,172303.125,750975
2017-03-22,174000,174200,169200,169800,167951.0313,396060
2017-03-23,172000,174400,170200,172800,170918.3594,400310
2017-03-24,172800,176000,172800,174400,172500.9375,278930
2017-03-27,173000,178400,173000,177000,175072.625,302295
2017-03-28,177000,177200,170200,170600,168742.3281,412375
2017-03-29,171800,173000,170800,172800,170918.3594,293580
2017-03-30,173000,174800,171200,172200,170324.9063,285375
2017-03-31,172200,174000,170800,171000,169137.9688,250130
2017-04-03,171000,175600,168600,174600,172698.7656,274420
2017-04-04,173600,173800,169200,170000,168148.8438,297970
2017-04-05,171400,171800,167000,168600,166764.1094,498370
2017-04-06,167600,168000,165200,168000,166170.625,360515
2017-04-07,167400,168400,165000,165600,163796.7656,288355
2017-04-10,164600,165600,162200,163600,161818.5469,357030
2017-04-11,162000,162200,153400,154000,152323.0781,1315330
2017-04-12,154600,155400,151400,153600,151927.4375,1027245
2017-04-13,154600,160600,154000,160400,158653.3906,865200
2017-04-14,159600,162200,157200,157400,155686.0469,298945
2017-04-17,156000,158600,154600,157000,155290.4063,277915
2017-04-18,158200,158200,155400,155600,153905.6563,271110
2017-04-19,155600,157000,155400,155400,153707.8281,414170
2017-04-20,157000,160000,156200,159200,157466.4531,491485
2017-04-21,160200,162600,159200,162600,160829.4219,429565
2017-04-24,162200,162600,161000,162000,160235.9688,434330
2017-04-25,163000,163000,160600,163000,161225.0625,756755
2017-04-26,163000,163200,160800,161400,159642.5,805525
2017-04-27,159200,160000,157000,158200,156477.3438,845670
2017-04-28,158200,160600,158200,160000,158257.75,562865
2017-05-02,160000,161400,158000,160200,158455.5625,543710
2017-05-04,161200,164600,160600,164600,162807.6406,440910
2017-05-08,164600,169000,163000,169000,167159.75,669455
2017-05-10,171800,175600,164600,164800,163005.4844,705380
2017-05-11,168200,173200,167400,173200,171314,874490
2017-05-12,172800,173000,168400,169600,167753.2031,382985
2017-05-15,170600,170800,166800,167800,165972.8125,237630
2017-05-16,167800,170000,166000,167800,165972.8125,274785
2017-05-17,167000,167600,165800,166400,164588.0469,366720
2017-05-18,165800,166400,163400,164800,163005.4844,294995
2017-05-19,164400,166600,164400,166400,164588.0469,625785
2017-05-22,169600,169600,166800,169400,167555.3906,350695
2017-05-23,169200,170000,167600,168400,166566.2813,372980
2017-05-24,170000,171000,168400,170400,168544.5,458045
2017-05-25,171000,171600,169600,170400,168544.5,334035
2017-05-26,172000,172600,170800,171000,169137.9688,308290
2017-05-29,172000,172800,170400,171200,169335.7813,227025
2017-05-30,171200,171800,169000,170400,168544.5,335805
2017-05-31,169800,172800,168600,169000,167159.75,477640
2017-06-01,170000,172000,168400,168400,166566.2813,275535
2017-06-02,168600,172800,168600,172800,170918.3594,343200
2017-06-05,170800,177400,170800,175200,173292.2188,521740
2017-06-07,175200,177600,174200,175200,173292.2188,420540
2017-06-08,177000,178600,175400,178000,176061.7344,525280
2017-06-09,179000,195000,178800,192000,189909.2969,917310
2017-06-12,185200,186600,179000,179000,177050.8594,991915
2017-06-13,179000,183800,178200,179000,177050.8594,563110
2017-06-14,179600,182800,175000,176600,174676.9844,665990
2017-06-15,176000,179200,175800,177000,175072.625,384370
2017-06-16,177800,178400,174600,178400,176457.375,483825
2017-06-19,177400,179600,175200,175600,173687.875,317660
2017-06-20,178400,178600,172800,173200,171314,419665
2017-06-21,171400,176200,166400,176000,174083.5156,488765
2017-06-22,175600,177600,174200,176000,174083.5156,296625
2017-06-23,176800,179200,175000,177400,175468.2813,308105
2017-06-26,178200,180600,176200,177600,175666.0938,294740
2017-06-27,178000,180400,173200,173800,171907.4844,3431730
2017-06-28,171600,173000,170200,172200,170324.9063,506555
2017-06-29,172800,173600,170200,170600,168742.3281,360930
2017-06-30,169000,170000,167000,167600,165774.9844,559895
2017-07-03,168800,170000,166600,168800,166961.9219,320725
2017-07-04,168000,169400,167400,168000,166170.625,224630
2017-07-05,167400,168000,166200,167000,165181.5313,325600
2017-07-06,166800,167000,163600,165000,163203.2969,541180
2017-07-07,165000,168200,164400,167600,165774.9844,465745
2017-07-10,165800,166800,162600,162600,160829.4219,471615
2017-07-11,162600,167000,162600,166000,164192.4063,413570
2017-07-12,166200,167800,163000,164200,162412,354560
2017-07-13,163400,167400,163400,166000,164192.4063,459420
2017-07-14,165800,167800,165200,167800,165972.8125,493310
2017-07-17,168000,168800,167000,167800,165972.8125,424760
2017-07-18,168200,168800,165200,166000,164192.4063,316460
2017-07-19,166200,168400,166000,167000,165181.5313,347190
2017-07-20,166600,168400,165400,167000,165181.5313,318190
2017-07-21,166400,168000,166400,167800,165972.8125,303995
2017-07-24,167400,167600,164200,166600,164785.8906,342805
2017-07-25,166800,167600,164800,167400,165577.1719,329950
2017-07-26,168000,168200,163800,165000,163203.2969,411715
2017-07-27,164000,165800,163800,165000,163203.2969,352395
2017-07-28,164200,164800,159800,159800,158059.9219,629375
2017-07-31,159800,161600,157200,160600,158851.2031,438425
2017-08-01,158800,160400,158000,159200,157466.4531,414640
2017-08-02,158400,160000,158200,159000,157268.625,418455
2017-08-03,158800,159600,155000,155600,153905.6563,674650
2017-08-04,155800,157000,155200,155200,153510.0156,336765
2017-08-07,155400,160600,153600,159200,157466.4531,744615
2017-08-08,160200,163200,160000,162000,160235.9688,520245
2017-08-09,159600,161400,159400,159600,157862.1094,259865
2017-08-10,158800,160400,158200,158800,157070.8125,367510
2017-08-11,156200,159600,156000,159000,157268.625,269710
2017-08-14,161400,161400,155200,155800,154103.4688,396985
2017-08-16,156000,158000,155800,157400,155686.0469,349085
2017-08-17,156200,157200,155200,155400,153707.8281,367040
2017-08-18,154600,157000,154600,156800,155092.5938,263105
2017-08-21,156800,157000,155000,156200,154499.125,202420
2017-08-22,156200,156200,152600,153400,151729.6094,1149490
2017-08-23,154400,156200,154000,154600,152916.5469,485075
2017-08-24,154000,154800,153200,154200,152520.8906,584980
2017-08-25,154200,157400,154200,156000,154301.2969,413035
2017-08-28,156200,158600,155800,156600,154894.7656,545185
2017-08-29,155800,156000,153400,155600,153905.6563,528455
2017-08-30,155600,156600,154200,154800,153114.375,564995
2017-08-31,153800,154000,150200,151000,149355.75,991250
2017-09-01,151400,152200,149000,149200,147575.3594,732700
2017-09-04,144800,146800,144800,145200,143618.9063,702385
2017-09-05,145600,148400,145400,147200,145597.125,487885
2017-09-06,145800,147800,145000,147400,145794.9531,401195
2017-09-07,147200,147400,146000,146000,144410.2031,340875
2017-09-08,145000,146600,144800,145400,143816.7188,354400
2017-09-11,145400,145400,143400,144000,142431.9688,377585
2017-09-12,144600,148400,143600,147000,145399.2969,415155
2017-09-13,146600,147000,145000,145800,144212.375,371380
2017-09-14,146000,153800,145800,153000,151333.9688,1132945
2017-09-15,152800,152800,150400,152000,150344.8594,496310
2017-09-18,152400,157200,152200,156200,154499.125,614480
2017-09-19,155000,155400,152800,154000,152323.0781,369870
2017-09-20,154800,157400,153400,156600,154894.7656,431835
2017-09-21,155400,156200,152000,152600,150938.3281,338785
2017-09-25,152000,152600,149800,150800,149157.9219,369320
2017-09-26,150800,150800,150800,150800,149157.9219,0
2017-09-27,150000,150400,146800,146800,145201.4844,460270
2017-09-28,146000,149000,146000,146600,145003.6563,543805
2017-09-29,146600,149800,146600,149000,147377.5156,263995
2017-10-10,149400,154000,148800,151200,149553.5781,822795
2017-10-11,150200,151000,149200,150200,148564.4531,296145
2017-10-12,150200,154400,150200,153600,151927.4375,572635
2017-10-13,153600,153600,151600,152400,150740.5,365215
2017-10-16,152800,153400,151800,152400,150740.5,326530
2017-10-17,153400,154400,152800,153600,151927.4375,464470
2017-10-18,153600,163400,153600,163000,161225.0625,1098155
2017-10-19,163600,165200,161000,162200,160433.7813,896165
2017-10-20,163600,164600,158400,160200,158455.5625,515455
2017-10-23,161200,162400,158600,159800,158059.9219,324350
2017-10-24,159400,162000,159000,160200,158455.5625,277285
2017-10-25,160000,162200,159000,160800,159049.0313,466290
2017-10-26,168800,170800,166000,168000,166170.625,1711705
2017-10-27,172000,175800,172000,175800,173885.7031,1183225
2017-10-30,177400,179800,174000,175200,173292.2188,528590
2017-10-31,175000,179200,173600,178800,176853.0313,655095
2017-11-01,174000,175800,170600,172000,170127.0781,1160390
2017-11-02,172000,174600,171000,171200,169335.7813,352770
2017-11-03,170400,173600,170000,172600,170720.5469,314870
2017-11-06,172000,174800,171000,172200,170324.9063,322075
2017-11-07,174400,174400,170000,172000,170127.0781,422140
2017-11-08,170800,171200,168400,169800,167951.0313,513455
2017-11-09,168600,168800,164800,165000,163203.2969,883010
2017-11-10,164400,166000,161400,162800,161027.25,786245
2017-11-13,162200,164800,161400,163800,162016.3594,470865
2017-11-14,164400,164400,160400,161000,159246.8438,592160
2017-11-15,161000,161600,158400,161000,159246.8438,455915
2017-11-17,161400,164400,160400,161000,159246.8438,726375
2017-11-20,161600,161800,159200,160200,158455.5625,429465
2017-11-21,160400,162000,159600,161600,159840.3281,398410
2017-11-22,162800,163000,159600,160200,158455.5625,477160
2017-11-24,160000,162400,159400,162000,160235.9688,341275
2017-11-27,161600,161800,157600,159000,157268.625,586930
2017-11-28,159800,162200,159200,161400,159642.5,476860
2017-11-29,161000,162800,160400,162400,160631.6094,459090
2017-11-30,162200,162200,160000,160000,158257.75,786660
2017-12-01,161800,166600,160200,166200,164390.2344,766425
2017-12-04,167400,169600,165600,167800,165972.8125,680135
2017-12-05,168000,168600,166200,166600,164785.8906,320020
2017-12-06,166600,166800,164800,165200,163401.125,345995
2017-12-07,166800,169600,165800,167400,165577.1719,775000
2017-12-08,167000,167600,164200,166000,164192.4063,294465
2017-12-11,166000,167000,164000,165200,163401.125,288000
2017-12-12,164400,169000,164400,165600,163796.7656,365095
2017-12-13,165800,168400,164800,168200,166368.4531,358000
2017-12-14,168400,169800,167000,167000,165181.5313,715485
2017-12-15,168200,168800,167400,168800,166961.9219,455680
2017-12-18,168800,173000,168000,172000,170127.0781,590485
2017-12-19,172600,174000,170000,171000,169137.9688,398335
2017-12-21,169800,170600,166800,168400,166566.2813,413485
2017-12-22,170000,172800,168600,172400,170522.7188,437290
2017-12-26,173000,176000,171800,174800,172896.5781,519025
2017-12-27,174400,175600,173200,175400,174937.1875,286780
2017-12-28,176000,176200,172000,174000,173540.875,326850
2018-01-03,175200,176800,172800,174200,173740.3438,423950
2018-01-04,175800,179400,174600,178600,178128.7344,650560
2018-01-05,178600,183600,176000,181600,181120.8281,684055
2018-01-08,183000,190600,181600,190000,189498.6563,981690
2018-01-09,188800,190400,186600,188800,188301.8281,390135
2018-01-10,188600,195000,185400,185600,185110.2656,600485
2018-01-11,185600,186800,181800,183400,182916.0781,469270
2018-01-12,184000,186000,180200,181800,181320.2969,447070
2018-01-15,183400,185000,182200,184200,183713.9688,296000
2018-01-16,183800,184800,178600,180600,180123.4688,476510
2018-01-17,180600,181200,177600,177600,177131.375,535130
2018-01-18,178600,181200,178600,180600,180123.4688,451540
2018-01-19,181000,181400,176000,176200,175735.0781,502825
2018-01-22,176800,178600,176400,178600,178128.7344,377715
2018-01-23,179800,179800,176800,177800,177330.8438,402375
2018-01-24,177800,177800,174000,175600,175136.6563,590605
2018-01-25,175600,184400,173400,182600,182118.1875,845950
2018-01-26,182600,185800,182000,185400,184910.7969,556845
2018-01-29,184600,189600,184400,186400,185908.1563,514580
2018-01-30,185600,190000,184600,186200,185708.6875,510590
2018-01-31,186600,189000,182000,182000,181519.7656,625920
2018-02-01,182000,186400,181800,184600,184112.9063,403035
2018-02-02,186000,186400,180400,181000,180522.4063,410755
2018-02-05,181000,181000,175400,175800,175336.125,484835
2018-02-06,172800,175600,167600,170200,169750.9063,772695
2018-02-07,174000,174400,168000,168600,168155.125,478815
2018-02-08,172000,172000,168400,168600,168155.125,514750
2018-02-09,163400,166000,161200,161600,161173.5938,790350
2018-02-12,163400,163400,159600,160000,159577.8125,953715
2018-02-13,162600,164400,160600,161000,160575.1719,685125
2018-02-14,162400,163800,161600,162200,161772.0156,370820
2018-02-19,166000,166000,163000,164000,163567.2656,416685
2018-02-20,163600,163600,160800,161400,160974.125,336005
2018-02-21,162000,167200,161800,166600,166160.4063,707840
2018-02-22,166200,167400,163800,165400,164963.5625,361210
2018-02-23,166200,168400,164000,165800,165362.5156,354320
2018-02-26,166800,166800,161600,162000,161572.5469,635640
2018-02-27,162000,162600,160200,160800,160375.7031,714890
2018-02-28,161600,163600,160400,160600,160176.2344,1951325
2018-03-02,158800,160000,154400,157200,156785.2031,1086525
2018-03-05,157200,158000,155800,155800,155388.9063,395610
2018-03-06,157200,160000,156400,159200,158779.9219,390060
2018-03-07,160800,161000,158200,159000,158580.4531,360550
2018-03-08,159600,159800,158200,159800,159378.3438,396090
2018-03-09,160600,162800,159400,160400,159976.7656,429025
2018-03-12,161600,163000,160800,161200,160774.6563,345055
2018-03-13,161200,165200,160600,164000,163567.2656,606115
2018-03-14,162600,162800,160200,161800,161373.0625,376640
2018-03-15,162600,164800,161400,164000,163567.2656,341525
2018-03-16,163200,163400,159400,160200,159777.2969,717990
2018-03-19,160200,160400,156400,157000,156585.7344,600070
2018-03-20,155400,159200,154800,159000,158580.4531,441955
2018-03-21,159000,159600,158400,158800,158380.9844,424565
2018-03-22,159800,161000,159600,160600,160176.2344,336730
2018-03-23,157600,158400,156000,156600,156186.7969,489340
2018-03-26,155600,158000,155400,157800,157383.625,276195
2018-03-27,160000,160000,157200,157800,157383.625,283160
2018-03-28,157400,158600,155400,156800,156386.2656,262300
2018-03-29,156800,158000,155600,157200,156785.2031,337800
2018-03-30,158800,159800,157200,158400,157982.0469,288805
2018-04-02,156600,158400,156400,157000,156585.7344,398100
2018-04-03,159600,159800,156000,157000,156585.7344,341015
2018-04-04,156400,157200,149400,150800,150402.0938,829645
2018-04-05,152800,155800,152400,155800,155388.9063,472310
2018-04-06,155200,156400,153200,154000,153593.6563,384070
2018-04-09,153800,154800,152800,154800,154391.5313,290395
2018-04-10,154200,156600,153800,155000,154591.0156,395640
2018-04-11,154400,156200,153800,154200,153793.125,308250
2018-04-12,153800,154200,151000,151400,151000.5156,559025
2018-04-13,151600,153200,150600,152800,152396.8125,341355
2018-04-16,153000,153000,150000,150200,149803.6719,392100
2018-04-17,150800,151600,149000,149600,149205.2656,442125
2018-04-18,150200,151600,150000,150400,150003.1563,416345
2018-04-19,148400,149600,146800,147600,147210.5313,622595
2018-04-20,147600,149000,145200,145600,145215.8125,479485
2018-04-23,145400,147600,145400,147000,146612.125,312160
2018-04-24,147000,147000,144400,145000,144617.3906,497990
2018-04-25,145200,150200,144800,148600,148207.8906,618915
2018-04-26,146400,149200,145000,145000,144617.3906,1071125
2018-04-27,145000,145400,142400,143200,142822.1406,1049185
2018-04-30,144200,144200,142400,143200,142822.1406,398655
2018-05-02,145200,147800,144800,147600,147210.5313,509325
2018-05-03,147800,149000,145200,145400,145016.3438,316640
2018-05-04,145000,147000,143400,143400,143021.625,511785
2018-05-08,145400,147600,144200,146200,145814.2344,487275
2018-05-09,146000,148000,144600,145400,145016.3438,475655
2018-05-10,146000,147000,143600,144000,143620.0313,416805
2018-05-11,144200,145800,142800,143400,143021.625,547725
2018-05-14,144000,144400,142800,143400,143021.625,288745
2018-05-15,142800,143600,142200,142200,141824.7813,399725
2018-05-16,142400,143000,139600,140000,139630.5938,620065
2018-05-17,140000,140600,139400,139400,139032.1719,461815
2018-05-18,139400,140000,136800,137600,137236.9219,565205
2018-05-21,137200,138000,135200,136400,136040.0938,505590
2018-05-23,136000,137600,135400,136800,136439.0313,430280
2018-05-24,136400,137000,135600,136000,135641.1406,222435
2018-05-25,137000,138800,136400,137000,136638.5,378775
2018-05-28,137000,137400,135800,136000,135641.1406,270430
2018-05-29,135800,136000,133400,133600,133247.4844,467685
2018-05-30,133400,134000,129600,130400,130055.9219,669825
2018-05-31,132000,134200,130800,133800,133446.9531,1050965
2018-06-01,134800,137200,134400,136000,135641.1406,457305
2018-06-04,136200,137400,134200,134600,134244.8438,409355
2018-06-05,135600,136000,132800,134800,134444.3125,335760
2018-06-07,135000,136400,134800,136000,135641.1406,390905
2018-06-08,136000,141600,136000,140200,139830.0625,941455
2018-06-11,140200,142400,139000,142200,141824.7813,689250
2018-06-12,142400,143800,140800,143400,143021.625,621335
2018-06-14,143800,145000,141000,141400,141026.8906,794555
2018-06-15,141000,141200,137400,138000,137635.875,701510
2018-06-18,138000,139000,137200,138800,138433.75,529295
2018-06-19,138000,138800,137600,137600,137236.9219,551610
2018-06-20,137800,138400,137400,137800,137436.3906,532395
2018-06-21,137000,140600,136800,139800,139431.125,589410
2018-06-22,138000,144800,138000,144600,144218.4531,801570
2018-06-25,145600,150000,145400,149600,149205.2656,1276330
2018-06-26,148400,149200,146000,147000,146612.125,537640
2018-06-27,149400,149600,147800,147800,147410.0156,436380
2018-06-28,147600,150200,145200,149400,149005.7813,682685
2018-06-29,150000,152800,149600,152600,152197.3438,779575
2018-07-02,153000,153000,149000,150200,149803.6719,539590
2018-07-03,151800,152600,148600,149400,149005.7813,431525
2018-07-04,153800,155800,152000,153600,153194.7031,899695
2018-07-05,151200,153800,151200,153000,152596.2813,286595
2018-07-06,151000,151600,149200,149800,149404.7344,409335
2018-07-09,149800,155800,149600,151000,150601.5625,471880
2018-07-10,151400,153600,151200,152000,151598.9219,375645
2018-07-11,152600,154200,151400,153800,153394.1719,434425
2018-07-12,155000,156400,152800,156400,155987.3125,479835
2018-07-13,156000,156400,153000,154200,153793.125,379850
2018-07-16,154200,154600,153400,154200,153793.125,288625
2018-07-17,153800,153800,151000,151800,151399.4531,264885
2018-07-18,152400,154200,151800,152800,152396.8125,158810
2018-07-19,154400,156000,152600,153000,152596.2813,252110
2018-07-20,153000,154400,151000,154000,153593.6563,252245
2018-07-23,154200,155400,153000,154800,154391.5313,407150
2018-07-24,155000,155200,148400,149000,148606.8438,422515
2018-07-25,151800,151800,148400,149200,148806.3125,472905
2018-07-26,150400,152200,143200,150200,149803.6719,1121260
2018-07-27,147000,150200,146600,150200,149803.6719,569095
2018-07-30,149400,149600,145200,146000,145614.7656,543330
2018-07-31,145200,145600,142400,143200,142822.1406,618420
2018-08-01,143600,145600,143000,145600,145215.8125,514795
2018-08-02,145600,147600,144200,145600,145215.8125,404885
2018-08-03,144600,146200,144200,146200,145814.2344,534385
2018-08-06,146600,149600,146200,147000,146612.125,303035
2018-08-07,148400,150800,147200,148800,148407.375,324185
2018-08-08,148400,151200,148400,150000,149604.2031,312410
2018-08-09,150600,155800,149000,155800,155388.9063,665170
2018-08-10,155400,156400,154000,154200,153793.125,345420
2018-08-13,153400,153400,150000,151000,150601.5625,418340
2018-08-14,152000,153400,150800,151400,151000.5156,308015
2018-08-16,150000,152600,149000,150000,149604.2031,570495
2018-08-17,150800,153600,149600,151000,150601.5625,193900
2018-08-20,152800,153200,150600,151000,150601.5625,194680
2018-08-21,150800,152200,149400,149400,149005.7813,241605
2018-08-22,149400,149600,148200,149400,149005.7813,239675
2018-08-23,151000,154600,150400,154400,153992.5938,495420
2018-08-24,154200,155800,151000,151600,151199.9844,271300
2018-08-27,152600,155000,152000,153800,153394.1719,223740
2018-08-28,154400,154400,150600,151200,150801.0313,233335
2018-08-29,151200,152000,149600,149600,149205.2656,274750
2018-08-30,149600,151400,149000,149200,148806.3125,238975
2018-08-31,149400,151200,149200,150400,150003.1563,289765
2018-09-03,150600,151000,149400,150800,150402.0938,156035
2018-09-04,151400,151400,149800,151000,150601.5625,187280
2018-09-05,150600,150600,145400,147200,146811.5938,591425
2018-09-06,147200,148000,145400,146000,145614.7656,352455
2018-09-07,146400,147000,144400,146400,146013.7031,322865
2018-09-10,144000,146400,144000,145000,144617.3906,359830
2018-09-11,144600,146200,144400,145200,144816.875,292970
2018-09-12,146000,146800,145200,146000,145614.7656,291080
2018-09-13,147000,147000,144600,144600,144218.4531,514055
2018-09-14,145200,146600,144800,146000,145614.7656,365840
2018-09-17,145000,146200,144600,145600,145215.8125,269755
2018-09-18,144000,145800,144000,145000,144617.3906,277260
2018-09-19,145200,146800,145000,146200,145814.2344,276430
2018-09-20,144400,146800,144400,146200,145814.2344,287195
2018-09-21,148200,148600,144600,145000,144617.3906,375655
2018-09-27,143000,146000,142400,142600,142223.7344,390075
2018-09-28,143400,143800,142600,143200,142822.1406,487325
2018-10-01,143600,144400,142200,142600,142223.7344,211085
2018-10-02,143000,143000,137200,137800,137436.3906,744920
2018-10-04,140000,140400,137000,139000,138633.2344,353485
2018-10-05,136400,143200,136400,140800,140428.4844,427980
2018-10-08,140800,140800,140800,140800,140428.4844,0
2018-10-10,140800,140800,140800,140800,140428.4844,0
2018-10-11,140800,140800,140800,140800,140428.4844,0
2018-10-12,138000,142000,132500,142000,141625.3125,654013
2018-10-15,138500,139000,135000,136000,135641.1406,642772
2018-10-16,137500,138500,130000,133500,133147.7344,575704
2018-10-17,132500,134500,129500,130000,129656.9766,5304519
2018-10-18,128000,128000,123500,125000,124670.1719,880738
2018-10-19,124500,127500,124000,127500,127163.5703,1114452
2018-10-22,127500,130000,125500,129000,128659.6172,324730
2018-10-23,129000,130000,123500,125500,125168.8516,822259
2018-10-24,127500,129000,124500,127000,126664.8906,679196
2018-10-25,120500,121000,114000,119000,118686,1529110
2018-10-26,119000,119000,110000,113000,112701.8359,1544405
2018-10-29,112500,113500,109000,109500,109211.0703,649910
2018-10-30,108000,112000,104000,110500,110208.4297,939865
2018-10-31,110500,115000,108500,114500,114197.875,1016429
2018-11-01,113500,116500,110500,111500,111205.7891,805655
2018-11-02,111500,118500,111500,116500,116192.6016,1320415
2018-11-05,115000,115500,111500,113500,113200.5156,442640
2018-11-06,114000,117500,113500,117000,116691.2813,453810
2018-11-07,117500,119000,113500,115500,115195.2344,385827
2018-11-08,118000,120000,115500,116500,116192.6016,404191
2018-11-09,115000,118000,115000,115000,114696.5547,295733
2018-11-12,114500,116500,114500,115000,114696.5547,260849
2018-11-13,115500,117500,114000,116000,115693.9219,435937
2018-11-14,115500,116500,114000,115500,115195.2344,335405
2018-11-16,113500,114500,111500,112500,112203.1563,872059
2018-11-19,113000,114000,110500,111500,111205.7891,697289
2018-11-20,110000,112000,107000,108000,107715.0234,693868
2018-11-21,105500,107000,104500,106500,106218.9844,525328
2018-11-22,107000,111500,107000,109500,109211.0703,504744
2018-11-23,110000,115500,109500,114000,113699.1953,691736
2018-11-26,115000,124500,114500,124000,123672.8125,805023
2018-11-27,124000,129500,122500,125000,124670.1719,637199
2018-11-28,128500,130500,126500,129000,128659.6172,645902
2018-11-29,133000,134000,129000,130500,130155.6563,559552
2018-11-30,131000,131000,126000,126500,126166.2109,801837
2018-12-03,130500,130500,125000,126000,125667.5313,486166
2018-12-04,127500,127500,122500,123500,123174.125,512742
2018-12-05,124500,127000,123000,125000,124670.1719,308805
2018-12-06,123000,124000,119500,120000,119683.3672,445309
2018-12-07,121500,123500,119500,121000,120680.7266,565663
2018-12-10,119000,121500,117500,119000,118686,376421
2018-12-11,120000,123500,117500,123000,122675.4453,506349
2018-12-12,124000,126000,122500,124500,124171.4922,490812
2018-12-13,125500,125500,123000,124000,123672.8125,972556
2018-12-14,123500,124000,121500,123500,123174.125,259268
2018-12-17,124000,124000,120500,122000,121678.0859,294847
2018-12-18,120500,124000,120000,122000,121678.0859,342972
2018-12-19,123000,128500,122500,127500,127163.5703,385472
2018-12-20,125500,128000,123500,127000,126664.8906,364624
2018-12-21,127000,127000,121000,121500,121179.4063,507653
2018-12-24,122000,124500,121000,123000,122675.4453,278884
2018-12-26,121000,122000,117500,119000,118686,275517
2018-12-27,120500,123000,118500,122500,122500,371637
2018-12-28,122500,123000,120500,122000,122000,322665
2019-01-02,121000,122000,117000,118000,118000,356120
2019-01-03,120000,125000,119000,122000,122000,525020
2019-01-04,123500,126000,122500,125500,125500,520785
2019-01-07,128000,132500,127000,131500,131500,502619
2019-01-08,132000,134000,129000,130000,130000,376127
2019-01-09,131000,134500,129500,133000,133000,381372
2019-01-10,132000,134500,130000,131000,131000,293112
2019-01-11,133000,134500,130500,131000,131000,322925
2019-01-14,130000,130500,125000,127000,127000,525411
2019-01-15,127500,132500,127500,132500,132500,335999
2019-01-16,132500,135000,131000,132500,132500,272719
2019-01-17,131500,138000,131500,136000,136000,407099
2019-01-18,137000,138500,136500,137500,137500,328761
2019-01-21,138000,138000,131000,131000,131000,457161
2019-01-22,128500,130500,126500,130000,130000,502285
2019-01-23,130000,134500,130000,132500,132500,259375
2019-01-24,131000,132500,127500,129500,129500,562335
2019-01-25,127500,131000,127000,130000,130000,281650
2019-01-28,129500,132500,129500,132000,132000,283360
2019-01-29,130000,136500,130000,136000,136000,411369
2019-01-30,139000,139500,133000,136000,136000,462280
2019-01-31,138000,143500,136000,136000,136000,1054276
2019-02-01,138000,140000,133000,133500,133500,530284
2019-02-07,132000,134000,128500,129000,129000,737938
2019-02-08,126500,129000,124500,126000,126000,704393
2019-02-11,127000,128500,125000,125500,125500,801465
2019-02-12,123500,124000,121500,123500,123500,1160217
2019-02-13,123500,126500,123500,125000,125000,373571
2019-02-14,125000,130500,125000,127500,127500,700427
2019-02-15,128500,131000,127500,127500,127500,420100
2019-02-18,129500,131000,125500,127000,127000,533191
2019-02-19,127000,128000,125500,126500,126500,218351
2019-02-20,126500,128000,125500,127000,127000,231753
2019-02-21,126500,130000,126500,129000,129000,347083
2019-02-22,129500,129500,125000,127000,127000,301395
2019-02-25,127000,128500,125500,126000,126000,338113
2019-02-26,126500,134000,126000,131500,131500,591643
2019-02-27,132000,134000,129000,129500,129500,322664
2019-02-28,130500,136000,130000,133000,133000,584183
2019-03-04,135000,139500,134000,138000,138000,743644
2019-03-05,140000,140000,135000,135500,135500,387063
2019-03-06,136500,139000,134500,137500,137500,403724
2019-03-07,139500,139500,136500,138500,138500,254573
2019-03-08,135500,136000,131500,133000,133000,304114
2019-03-11,131500,133500,131000,133500,133500,151479
2019-03-12,135000,135500,129500,130500,130500,367651
2019-03-13,129500,132000,128000,130500,130500,268047
2019-03-14,132500,133500,129000,131000,131000,554454
2019-03-15,131000,132000,129500,130500,130500,907507
2019-03-18,131500,133500,131000,132000,132000,248810
2019-03-19,132000,132500,130000,130500,130500,200830
2019-03-20,130000,131000,126500,128500,128500,371499
2019-03-21,128500,131000,127000,128000,128000,399492
2019-03-22,127000,129500,126000,127000,127000,379311
2019-03-25,126000,128000,125000,126000,126000,279179
2019-03-26,125500,127000,125000,126500,126500,452377
2019-03-27,126000,126000,122000,123000,123000,429156
2019-03-28,122500,123000,120500,122000,122000,449545
2019-03-29,121500,124500,121500,124000,124000,421477
2019-04-01,124000,125500,123500,124000,124000,367014
2019-04-02,124500,125500,123500,124500,124500,471744
2019-04-03,123000,123500,121000,122000,122000,958364
2019-04-04,122500,123500,121500,122500,122500,361821
2019-04-05,122500,123500,122000,123000,123000,365838
2019-04-08,122500,123000,121000,121500,121500,393376
2019-04-09,121500,122500,121000,121500,121500,423498
2019-04-10,121500,122500,121000,122000,122000,459206
2019-04-11,121500,123000,121000,121500,121500,615217
2019-04-12,121500,122000,119500,119500,119500,953216
2019-04-15,119000,120000,118000,119500,119500,596131
2019-04-16,119500,120500,119000,119500,119500,973625
2019-04-17,120000,120000,119000,119500,119500,639441
2019-04-18,119000,120000,117000,118000,118000,776721
2019-04-19,119000,119000,117500,118000,118000,247009
2019-04-22,118000,119500,117500,118000,118000,531346
2019-04-23,119000,121000,119000,120500,120500,815629
2019-04-24,122000,122500,119500,121000,121000,906235
2019-04-25,122000,122000,120000,120500,120500,720472
2019-04-26,120000,120500,117500,118000,118000,544042
2019-04-29,118500,120000,117000,120000,120000,429353
2019-04-30,119000,120000,117500,119500,119500,569162
2019-05-02,119000,124000,118500,122000,122000,691901
2019-05-03,122000,124500,121500,124000,124000,705503
2019-05-07,122000,125500,121500,124000,124000,696627
2019-05-08,122000,124000,122000,123500,123500,317483
2019-05-09,122500,124000,119000,119000,119000,799208
2019-05-10,120500,123000,120000,122500,122500,474352
2019-05-13,121500,124000,121500,122500,122500,343827
2019-05-14,121000,123500,119500,122000,122000,532037
2019-05-15,121500,123000,120000,120000,120000,460936
2019-05-16,120500,121000,118000,119000,119000,484468
2019-05-17,120000,123500,118500,121000,121000,439545
2019-05-20,121500,121500,118000,118500,118500,449916
2019-05-21,117500,119500,113500,114500,114500,603105
2019-05-22,115000,115000,111000,113000,113000,567069
2019-05-23,112500,114000,110000,113000,113000,545497
2019-05-24,113000,115000,112500,113500,113500,408081
2019-05-27,112500,113000,109500,110500,110500,369902
2019-05-28,109500,112500,108500,108500,108500,1490526
2019-05-29,109000,111000,108500,109500,109500,515196
2019-05-30,110000,114000,109500,112000,112000,378379
2019-05-31,111500,112500,110000,111500,111500,310649
2019-06-03,113000,115000,112000,115000,115000,391824
2019-06-04,114000,114500,110500,111000,111000,531826
2019-06-05,112000,112500,109500,110500,110500,471689
2019-06-07,110000,112000,110000,111000,111000,386800
2019-06-10,111500,114500,111000,114000,114000,464590
2019-06-11,114000,114500,112500,113000,113000,423258
2019-06-12,112000,114500,112000,114000,114000,354664
2019-06-13,114500,115500,112000,113000,113000,551067
2019-06-14,112000,113000,110500,111500,111500,553083
2019-06-17,111500,111500,110000,110500,110500,475346
2019-06-18,109500,110000,106500,109000,109000,791946
2019-06-19,110000,110000,107000,110000,110000,483689
2019-06-20,110000,112000,109000,111500,111500,282163
2019-06-21,112500,115000,111500,113000,113000,555965
2019-06-24,113000,113500,112000,113500,113500,254210
2019-06-25,114000,116000,113000,114500,114500,473961
2019-06-26,114500,116500,114000,115500,115500,300077
2019-06-27,115500,116000,113000,115000,115000,375582
2019-06-28,114500,115500,112500,114000,114000,267404
2019-07-01,114500,115500,114000,114500,114500,306736
2019-07-02,114000,115500,112000,115000,115000,273980
2019-07-03,116000,118500,115000,117500,117500,408701
2019-07-04,116000,119500,116000,118000,118000,355658
2019-07-05,118500,121500,118500,121000,121000,409700
2019-07-08,120500,121000,118000,118500,118500,306897
2019-07-09,118000,120000,115000,115500,115500,460058
2019-07-10,116500,119000,115500,115500,115500,267438
2019-07-11,115500,118000,115500,117000,117000,293389
2019-07-12,117000,118500,116500,117000,117000,160685
2019-07-15,118000,120000,116500,118000,118000,263893
2019-07-16,119000,120500,117500,120000,120000,391260
2019-07-17,120000,120000,118000,119000,119000,205316
2019-07-18,118500,122000,118500,120500,120500,267715
2019-07-19,121000,123000,121000,122500,122500,445122
2019-07-22,122000,122500,120500,121000,121000,346897
2019-07-23,122500,123000,122000,122500,122500,358255
2019-07-24,122500,124500,122500,123500,123500,606769
2019-07-25,125500,134500,125000,134000,134000,1635774
2019-07-26,137500,142000,136500,141000,141000,1440686
2019-07-29,139500,141000,137000,138500,138500,583629
2019-07-30,140000,140500,136500,138500,138500,364674
2019-07-31,139000,139500,136000,138000,138000,361525
2019-08-01,139500,141500,138500,140500,140500,460049
2019-08-02,139000,142500,138500,142000,142000,484009
2019-08-05,141000,142000,135500,138000,138000,733982
2019-08-06,134000,140000,132000,138500,138500,610095
2019-08-07,139000,139500,136000,137500,137500,336416
2019-08-08,139500,142000,136500,140000,140000,496443
2019-08-09,142000,145000,140500,142500,142500,368133
2019-08-12,142500,144500,140500,140500,140500,217292
2019-08-13,139000,144500,138500,142500,142500,352863
2019-08-14,142500,143000,138500,139000,139000,433070
2019-08-16,138500,140500,137500,139500,139500,351686
2019-08-19,139000,141000,138000,139000,139000,487500
2019-08-20,139000,145500,139000,145500,145500,556246
2019-08-21,144500,148500,142500,147500,147500,514109
2019-08-22,148000,150500,147500,148000,148000,499537
2019-08-23,149000,149000,145500,148500,148500,491690
2019-08-26,145500,147000,143000,143500,143500,423695
2019-08-27,144000,147500,141500,146500,146500,904199
2019-08-28,146500,147500,144500,146500,146500,309159
2019-08-29,146500,146500,143500,145000,145000,408164
2019-08-30,146000,149000,144500,146500,146500,424498
2019-09-02,156000,156000,147500,150000,150000,371788
2019-09-03,151500,151500,149000,150500,150500,308863
2019-09-04,149500,151000,149000,151000,151000,351494
2019-09-05,150000,151000,145000,147000,147000,548033
2019-09-06,146000,150000,145500,149500,149500,223250
2019-09-09,149500,154000,148500,153000,153000,464232
2019-09-10,153000,153000,150000,150500,150500,297053
2019-09-11,150500,154000,150000,153500,153500,738431
2019-09-16,154500,156500,153500,154500,154500,449618
2019-09-17,153000,155500,153000,155000,155000,304106
2019-09-18,156000,159500,155500,159000,159000,465208
2019-09-19,157000,158000,156000,157500,157500,377446
2019-09-20,156000,158000,156000,157000,157000,390181
2019-09-23,157500,158000,155500,157000,157000,204570
2019-09-24,157000,158500,155500,158000,158000,195994
2019-09-25,155500,159000,155500,158000,158000,274586
2019-09-26,157500,159000,156500,158000,158000,313084
2019-09-27,158500,158500,154500,156000,156000,241249
2019-09-30,155000,157500,154500,157000,157000,313910
2019-10-01,157500,160000,157000,160000,160000,260668
2019-10-02,159000,160000,156500,157000,157000,203708
2019-10-04,155500,159000,148500,150500,150500,602642
2019-10-07,150500,153500,150000,153000,153000,387749
2019-10-08,154500,154500,151500,153500,153500,250805
2019-10-10,151500,155500,150500,153500,153500,404228
2019-10-11,156500,157000,153500,156000,156000,216730
2019-10-14,156000,156500,153500,156000,156000,246407
2019-10-15,156500,156500,150500,151500,151500,297569
2019-10-16,151500,155000,151000,154500,154500,280882
2019-10-17,155000,156500,152000,153000,153000,280276
2019-10-18,151500,153500,150000,150500,150500,245740
2019-10-21,151500,153500,149000,152000,152000,245735
2019-10-22,150500,154500,150500,154000,154000,360102
2019-10-23,152000,153500,151500,152500,152500,226744
2019-10-24,151500,153000,150500,153000,153000,224666
2019-10-25,151000,153500,151000,152500,152500,162510
2019-10-28,152500,158000,152500,157000,157000,335238
2019-10-29,157500,158000,152000,153000,153000,321007
2019-10-30,152000,154500,151500,154500,154500,290658
2019-10-31,159000,167000,157500,164000,164000,1409619
2019-11-01,166000,168500,164000,167000,167000,720358
2019-11-04,165500,167000,162000,164500,164500,455199
2019-11-05,164000,164500,159500,161500,161500,662116
2019-11-06,161500,164000,160500,161500,161500,332755
2019-11-07,162000,166500,161000,165500,165500,390866
2019-11-08,165000,165000,162000,163500,163500,306968
2019-11-11,163500,165000,162500,163000,163000,231149
2019-11-12,164000,164000,160000,162000,162000,236652
2019-11-13,158500,159000,156000,158000,158000,500221
2019-11-15,177000,179000,173000,173500,173500,886846
2019-11-18,177500,181500,172500,178500,178500,876975
2019-11-19,174500,176000,169500,170500,170500,1055749
2019-11-20,170500,174000,168000,169500,169500,602206
2019-11-21,169000,172500,168000,170000,170000,543754
2019-11-22,169500,171000,165500,167500,167500,481529
2019-11-25,168000,174500,167000,174000,174000,490795
2019-11-26,173500,175500,171500,173000,173000,774461
2019-11-27,175000,175500,172000,172500,172500,299949
2019-11-28,172500,174500,170000,173000,173000,252885
2019-11-29,173000,173500,168500,172000,172000,349615
2019-12-02,172500,175000,170000,171500,171500,275601
2019-12-03,170500,173500,168500,172000,172000,245675
2019-12-04,172000,175500,171000,174500,174500,228851
2019-12-05,173000,174000,170000,170500,170500,271499
2019-12-06,172000,174500,170500,174000,174000,208849
2019-12-09,174000,175500,173000,175000,175000,271990
2019-12-10,174500,175500,173000,174500,174500,215711
2019-12-11,175000,175500,173500,174000,174000,200711
2019-12-12,174500,176500,173000,175500,175500,609714
2019-12-13,177500,177500,173000,175500,175500,317833
2019-12-16,175000,180000,174000,179500,179500,335819
2019-12-17,180000,181000,178000,180500,180500,370752
2019-12-18,180000,180000,175000,178500,178500,310567
2019-12-19,175000,179500,175000,179000,179000,296857
2019-12-20,180000,187000,179500,183500,183500,560761
2019-12-23,185000,185500,182000,184000,184000,250256
2019-12-24,184000,184000,179000,182000,182000,193440
2019-12-26,181500,183000,179000,180500,180500,173426
2019-12-27,182000,185000,179000,183500,183500,323473
2019-12-30,183500,190000,183500,186500,186500,376541
2020-01-02,187500,188000,182000,182500,182500,300640
2020-01-03,185000,186000,180500,181500,181500,454492
2020-01-06,180000,182000,178000,180500,180500,287970
2020-01-07,182500,187000,181500,187000,187000,328624
2020-01-08,182000,183500,179000,183000,183000,820867
2020-01-09,183500,186500,183500,186000,186000,531355
2020-01-10,185000,188000,184000,188000,188000,398739
2020-01-13,187500,188500,186000,188000,188000,337749
2020-01-14,188000,194500,188000,190500,190500,501286
2020-01-15,189500,192000,188500,191500,191500,323778
2020-01-16,190000,192500,189000,191500,191500,245107
2020-01-17,190500,192500,189500,191000,191000,286019
2020-01-20,190000,190500,187000,187500,187500,454733
2020-01-21,187500,189500,181000,182000,182000,547678
2020-01-22,185000,190000,184500,186000,186000,429852
2020-01-23,185000,185500,181500,183000,183000,375929
2020-01-28,182000,184500,178000,178500,178500,476253
2020-01-29,183000,183500,180000,180000,180000,434897
2020-01-30,179500,183000,175000,180000,180000,772160
2020-01-31,180000,180500,177500,179500,179500,537062
2020-02-03,178000,180500,176000,177500,177500,485913
2020-02-04,177500,181500,175000,180500,180500,563463
2020-02-05,181000,183500,178500,181500,181500,653809
2020-02-06,182500,183500,180500,181500,181500,659850
2020-02-07,181500,188500,181000,185000,185000,728633
2020-02-10,182500,184000,180500,183500,183500,433051
2020-02-11,183500,185000,183000,184500,184500,400386
2020-02-12,183000,185000,181500,185000,185000,351892
2020-02-13,184000,185000,183000,184500,184500,555923
2020-02-14,184000,187500,184000,186500,186500,659429
2020-02-17,184500,189000,184500,188500,188500,312407
2020-02-18,186500,188500,185500,186500,186500,345642
2020-02-19,188000,191000,185000,189500,189500,560743
2020-02-20,189500,191500,187500,190000,190000,427402
2020-02-21,187500,191000,187000,189500,189500,434019
2020-02-24,185500,187500,183500,184000,184000,567036
2020-02-25,184000,191000,183500,190500,190500,704859
2020-02-26,189500,190000,186500,187000,187000,494066
2020-02-27,185000,187000,179000,182000,182000,535696
2020-02-28,179000,180000,172000,174000,174000,830654
2020-03-02,175000,177000,172500,175000,175000,659376
2020-03-03,179000,180000,174000,175000,175000,544379
2020-03-04,174500,179500,173000,178500,178500,450252
2020-03-05,180500,181000,178500,181000,181000,483840
2020-03-06,179500,181000,177500,179500,179500,293897
2020-03-09,179500,179500,179500,179500,179500,0
2020-03-10,168000,176000,165000,172000,172000,666532
2020-03-11,172000,174000,167500,170000,170000,483822
2020-03-12,170000,170000,170000,170000,170000,0
2020-03-13,151000,168000,149500,166000,166000,1242510
2020-03-16,166000,166500,155000,155000,155000,812823
2020-03-17,147500,155500,147000,151000,151000,979243
2020-03-18,152500,156000,146000,146000,146000,666723
2020-03-19,150000,151500,135000,144000,144000,1154230
2020-03-20,147500,156500,146000,154000,154000,997895
2020-03-23,141500,149500,140000,143000,143000,1033851
2020-03-24,151500,157000,148000,156000,156000,960786
2020-03-25,160500,163000,152000,156000,156000,1039579
2020-03-26,156000,158000,149500,152500,152500,988725
2020-03-27,161500,164500,158500,164000,164000,1217815
2020-03-30,160000,165000,159000,162500,162500,630830
2020-03-31,163500,171000,163500,170000,170000,858165
2020-04-01,166500,171000,163000,163000,163000,720283
2020-04-02,166500,175000,164500,173500,173500,1086863
2020-04-03,170000,172500,168000,172000,172000,663454
2020-04-06,173500,176000,170500,173000,173000,655547
2020-04-07,174000,174500,167500,169500,169500,873091
2020-04-08,169000,169500,166500,166500,166500,588577
2020-04-09,168500,169000,165000,167500,167500,682921
2020-04-10,166000,167000,164000,166500,166500,483720
2020-04-13,164500,168000,162500,166000,166000,413768
2020-04-14,168000,170000,166500,168500,168500,520725
2020-04-16,168000,172500,167500,170500,170500,841066
2020-04-17,175500,180000,173500,179000,179000,900031
2020-04-20,181000,182000,179000,180000,180000,663723
2020-04-21,180500,181500,173500,178500,178500,759150
2020-04-22,175000,182500,173000,182000,182000,611589
2020-04-23,190000,196000,186500,190000,190000,1521478
2020-04-24,189000,197500,189000,192500,192500,928695
2020-04-27,193000,200000,192500,197500,197500,927347
2020-04-28,197500,198000,194500,198000,198000,433549
2020-04-29,199500,200000,196500,197500,197500,676743
2020-05-04,198500,203000,193500,199000,199000,1104027
2020-05-07,211500,220000,210500,215500,215500,984024
2020-05-08,216000,218500,212000,214000,214000,732394
2020-05-11,214500,221000,214000,214500,214500,599328
2020-05-12,218000,226500,215000,219500,219500,1056584
2020-05-13,217500,222500,213500,218500,218500,1014692
2020-05-14,214500,222000,214500,219000,219000,866427
2020-05-15,219000,219500,209500,213000,213000,1050469
2020-05-18,215000,218000,211500,215000,215000,638906
2020-05-19,215000,216500,210500,213500,213500,917603
2020-05-20,215500,225500,215000,222000,222000,977544
2020-05-21,227500,233500,222500,225000,225000,1004395
2020-05-22,227000,232500,222500,230500,230500,1108281
2020-05-25,234500,241000,234000,241000,241000,1015069
2020-05-26,244000,246000,230000,239000,239000,1568016
2020-05-27,231000,234500,226500,228500,228500,1351505
2020-05-28,226000,241000,222000,240500,240500,1625154
2020-05-29,240000,243000,226000,226000,226000,3114298
2020-06-01,233500,237000,230000,237000,237000,1140644
2020-06-02,235000,236000,232000,234000,234000,689584
2020-06-03,235000,235500,225000,225500,225500,1476614
2020-06-04,228000,235000,227000,232500,232500,1052789
2020-06-05,229000,231000,225000,231000,231000,1061922
2020-06-08,234500,242000,231000,240500,240500,1624752
2020-06-09,240000,243000,235500,237500,237500,934440
2020-06-10,241000,247500,240000,244000,244000,1423899
